{
  "names": [
    "gru",
    "lstm",
    "transformer",
    "tcn"
  ],
  "weights": [
    1.2041208744049072,
    1.1537686586380005,
    0.4561290740966797,
    0.36217600107192993
  ],
  "bias": -0.8097354769706726
}