{
  "per_model": {
    "gru": {
      "auprc": 0.9345595959607506,
      "roc_auc": 0.8595055141071591,
      "logloss": 0.3658170169206618
    },
    "lstm": {
      "auprc": 0.9340961413600117,
      "roc_auc": 0.8592727937862628,
      "logloss": 0.3649228432022211
    },
    "transformer": {
      "auprc": 0.9339209616650815,
      "roc_auc": 0.856597731615884,
      "logloss": 0.5298672967740077
    },
    "tcn": {
      "auprc": 0.9338035083949082,
      "roc_auc": 0.8588960670681252,
      "logloss": 0.5531108255059721
    }
  },
  "metric": "auprc",
  "best_metric": 0.9353103967005634,
  "weights": {
    "gru": 0.26,
    "lstm": 0.2,
    "transformer": 0.3,
    "tcn": 0.24
  },
  "val_ratio": 0.1,
  "seed": 42,
  "note": "weights is a mapping over model names that sum to 1",
  "names": [
    "gru",
    "lstm",
    "transformer",
    "tcn"
  ]
}