{
  "per_model": {
    "gru": {
      "auprc": 0.9355438029254152,
      "roc_auc": 0.8608044468244787,
      "logloss": 0.3636443227378267
    },
    "lstm": {
      "auprc": 0.9340961413600117,
      "roc_auc": 0.8592727937862628,
      "logloss": 0.3649228432022211
    },
    "transformer": {
      "auprc": 0.9339209616650815,
      "roc_auc": 0.856597731615884,
      "logloss": 0.5298672967740077
    },
    "tcn": {
      "auprc": 0.9338035083949082,
      "roc_auc": 0.8588960670681252,
      "logloss": 0.5531108255059721
    }
  },
  "metric": "auprc",
  "best_metric": 0.9358075012345454,
  "weights": {
    "gru": 0.6,
    "lstm": 0.06,
    "transformer": 0.24,
    "tcn": 0.10000000000000009
  },
  "val_ratio": 0.1,
  "seed": 42,
  "note": "weights is a mapping over model names that sum to 1",
  "names": [
    "gru",
    "lstm",
    "transformer",
    "tcn"
  ]
}