{
  "per_model": {
    "gru": {
      "auprc": 0.9342231680719145,
      "roc_auc": 0.8588204657869886,
      "logloss": 0.3664894045318667
    },
    "lstm": {
      "auprc": 0.933913102869632,
      "roc_auc": 0.8588996900796195,
      "logloss": 0.3660413600564678
    },
    "transformer": {
      "auprc": 0.9339209616650815,
      "roc_auc": 0.856597731615884,
      "logloss": 0.5298672967740077
    },
    "tcn": {
      "auprc": 0.9338035083949082,
      "roc_auc": 0.8588960670681252,
      "logloss": 0.5531108255059721
    }
  },
  "metric": "auprc",
  "best_metric": 0.9354955070551979,
  "weights": {
    "gru": 0.5,
    "lstm": 0.1,
    "transformer": 0.4,
    "tcn": 0.0
  },
  "val_ratio": 0.1,
  "seed": 42,
  "note": "weights is a mapping over model names that sum to 1",
  "names": [
    "gru",
    "lstm",
    "transformer",
    "tcn"
  ]
}