{
  "accuracy": 0.764424013899938,
  "f1": 0.7180182746568393,
  "precision": 0.7548270382599259,
  "recall": 0.7389651538716909,
  "rmse": 0.1520290921867869
}