sex,count,mean,std
F,208,9.966346153846153,4.622338337431135
M,187,10.914438502673796,4.495296834986385
