source,F Value,Num DF,Den DF,Pr > F
model,23.76344937733041,10.0,90.0,3.395889163138901e-21
