algorithm,cluster,count,avg_G3
kmeans,0,89,9.865168539325843
kmeans,1,140,7.378571428571429
kmeans,2,166,13.271084337349398
agglomerative,0,66,7.742424242424242
agglomerative,1,191,10.083769633507853
agglomerative,2,138,12.152173913043478
