{
  "accuracy": 0.806313711428195,
  "f1": 0.7585768883860093,
  "precision": 0.816165043712788,
  "recall": 0.7835559878021869,
  "rmse": 0.2441057091354247
}