feature,psi,ks_statistic,ks_pvalue,source_mean,target_mean,source_std,target_std
engagement_proxy,14.731290125064222,0.973,9.4e-323,1.5631940186722205e-17,-1.5711425982848342,1.0,0.0007958039176585531
ses_proxy,10.058448980333683,0.5892,1.1719144870983422e-120,4.4466,1.7569620253164557,2.8795743504900164,1.0775832716865472
sex,0.005125225057705345,0.03578227848101266,0.7216998585013413,0.5092,0.47341772151898737,0.4999153528348575,0.49929288245553616
academic_proxy,17.14701967781683,1.0,5e-324,8.526512829121202e-17,-2.1894228200413575,1.0,0.005872047274731256
age_band,6.794847118943761,0.5863822784810127,2.0982920112364157e-119,0.9966,0.07341772151898734,0.8227930724064223,0.2608209341405474
