concept,effect
socio_economic_status,0.3857179852889346
engagement,0.28537692979020896
attendance,0.06217009629780419
