sex,demographic_parity,predictive_parity,equalized_odds
F,0.5957446808510638,0.9285714285714286,0.04072398190045248
M,0.59375,1.0,0.07692307692307693
