,precision,recall,f1-score,support
0,0.7666666666666667,0.8846153846153846,0.8214285714285714,26.0
1,0.9387755102040817,0.8679245283018868,0.9019607843137255,53.0
accuracy,0.8734177215189873,0.8734177215189873,0.8734177215189873,0.8734177215189873
macro avg,0.8527210884353742,0.8762699564586357,0.8616946778711485,79.0
weighted avg,0.8821320933436666,0.8734177215189873,0.8754565117186115,79.0
