,precision,recall,f1-score,support
0,0.6923076923076923,1.0,0.8181818181818182,9.0
1,1.0,0.8260869565217391,0.9047619047619048,23.0
accuracy,0.875,0.875,0.875,0.875
macro avg,0.8461538461538461,0.9130434782608696,0.8614718614718615,32.0
weighted avg,0.9134615384615384,0.875,0.8804112554112554,32.0
