,precision,recall,f1-score,support
0,0.8235294117647058,0.8235294117647058,0.8235294117647058,17.0
1,0.9,0.9,0.9,30.0
accuracy,0.8723404255319149,0.8723404255319149,0.8723404255319149,0.8723404255319149
macro avg,0.861764705882353,0.861764705882353,0.861764705882353,47.0
weighted avg,0.8723404255319149,0.8723404255319149,0.8723404255319149,47.0
