,precision,recall,f1-score,support
0,0.7241379310344828,0.8076923076923077,0.7636363636363637,26.0
1,0.9,0.8490566037735849,0.8737864077669902,53.0
accuracy,0.8354430379746836,0.8354430379746836,0.8354430379746836,0.8354430379746836
macro avg,0.8120689655172414,0.8283744557329463,0.818711385701677,79.0
weighted avg,0.8421213443910956,0.8354430379746836,0.8375344945088095,79.0
