,precision,recall,f1-score,support
0,0.7096774193548387,0.8461538461538461,0.7719298245614035,26.0
1,0.9166666666666666,0.8301886792452831,0.8712871287128713,53.0
accuracy,0.8354430379746836,0.8354430379746836,0.8354430379746836,0.8354430379746836
macro avg,0.8131720430107527,0.8381712626995645,0.8216084766371374,79.0
weighted avg,0.848543623247584,0.8354430379746836,0.8385872564604894,79.0
