concept,effect
socio_economic_status,0.108478730328879
engagement,-0.08411541676669153
attendance,-0.12237917218874207
