sex,demographic_parity_pre,demographic_parity_post,dp_delta,equalized_odds_pre,equalized_odds_post,eo_delta
F,0.6382978723404256,0.6382978723404256,0.0,0.06108597285067874,0.06108597285067874,0.0
M,0.59375,0.59375,0.0,0.11538461538461539,0.11538461538461539,0.0
