sex,demographic_parity,equalized_odds
F,0.5957446808510638,0.04072398190045248
M,0.59375,0.07692307692307693
