sex,demographic_parity_pre,demographic_parity_post,dp_delta,equalized_odds_pre,equalized_odds_post,eo_delta
F,0.5957446808510638,0.5957446808510638,0.0,0.04072398190045248,0.04072398190045248,0.0
M,0.59375,0.59375,0.0,0.07692307692307693,0.07692307692307693,0.0
