sex,demographic_parity,equalized_odds
F,0.6382978723404256,0.06108597285067874
M,0.59375,0.11538461538461539
