Model,Test_Accuracy,Test_ROC_AUC,Test_F1_Score,Val_Accuracy,Val_AUC
SimpleTabularMLP,0.903,0.9084760145759496,0.8923418423973363,0.912,0.9231060416978651
DeepTabularNet,0.903,0.9176151017487812,0.8923418423973363,0.912,0.934383267608446
WideAndDeep,0.903,0.9171866420406329,0.8923418423973363,0.911,0.9238880846603105
LightweightMLP,0.903,0.9073279089502322,0.8923418423973363,0.912,0.923201717166675
DeepMLP,0.903,0.9163338824273282,0.8923418423973363,0.912,0.9296161333799231
Ensemble,0.903,0.9110134944009052,0.8923418423973363,0.0,0.0
