{
  "SimpleTabularMLP": {
    "test_accuracy": 0.903,
    "test_roc_auc": 0.9084760145759496,
    "test_f1_score": 0.8923418423973363,
    "val_accuracy": 0.912,
    "val_auc": 0.9231060416978651,
    "classification_report": "              precision    recall  f1-score   support\n\n           0       1.00      0.84      0.91       598\n           1       0.81      1.00      0.89       402\n\n    accuracy                           0.90      1000\n   macro avg       0.90      0.92      0.90      1000\nweighted avg       0.92      0.90      0.90      1000\n"
  },
  "DeepTabularNet": {
    "test_accuracy": 0.903,
    "test_roc_auc": 0.9176151017487812,
    "test_f1_score": 0.8923418423973363,
    "val_accuracy": 0.912,
    "val_auc": 0.934383267608446,
    "classification_report": "              precision    recall  f1-score   support\n\n           0       1.00      0.84      0.91       598\n           1       0.81      1.00      0.89       402\n\n    accuracy                           0.90      1000\n   macro avg       0.90      0.92      0.90      1000\nweighted avg       0.92      0.90      0.90      1000\n"
  },
  "WideAndDeep": {
    "test_accuracy": 0.903,
    "test_roc_auc": 0.9171866420406329,
    "test_f1_score": 0.8923418423973363,
    "val_accuracy": 0.911,
    "val_auc": 0.9238880846603105,
    "classification_report": "              precision    recall  f1-score   support\n\n           0       1.00      0.84      0.91       598\n           1       0.81      1.00      0.89       402\n\n    accuracy                           0.90      1000\n   macro avg       0.90      0.92      0.90      1000\nweighted avg       0.92      0.90      0.90      1000\n"
  },
  "LightweightMLP": {
    "test_accuracy": 0.903,
    "test_roc_auc": 0.9073279089502322,
    "test_f1_score": 0.8923418423973363,
    "val_accuracy": 0.912,
    "val_auc": 0.923201717166675,
    "classification_report": "              precision    recall  f1-score   support\n\n           0       1.00      0.84      0.91       598\n           1       0.81      1.00      0.89       402\n\n    accuracy                           0.90      1000\n   macro avg       0.90      0.92      0.90      1000\nweighted avg       0.92      0.90      0.90      1000\n"
  },
  "DeepMLP": {
    "test_accuracy": 0.903,
    "test_roc_auc": 0.9163338824273282,
    "test_f1_score": 0.8923418423973363,
    "val_accuracy": 0.912,
    "val_auc": 0.9296161333799231,
    "classification_report": "              precision    recall  f1-score   support\n\n           0       1.00      0.84      0.91       598\n           1       0.81      1.00      0.89       402\n\n    accuracy                           0.90      1000\n   macro avg       0.90      0.92      0.90      1000\nweighted avg       0.92      0.90      0.90      1000\n"
  },
  "Ensemble": {
    "test_accuracy": 0.903,
    "test_roc_auc": 0.9110134944009052,
    "test_f1_score": 0.8923418423973363,
    "val_accuracy": 0.0,
    "val_auc": 0.0,
    "classification_report": "              precision    recall  f1-score   support\n\n           0       1.00      0.84      0.91       598\n           1       0.81      1.00      0.89       402\n\n    accuracy                           0.90      1000\n   macro avg       0.90      0.92      0.90      1000\nweighted avg       0.92      0.90      0.90      1000\n"
  }
}