{
  "accuracy": 0.7869019464478171,
  "f1": 0.7725403150566118,
  "precision": 0.7934877404491777,
  "recall": 0.7657945007450196,
  "rmse": 0.21920781331174496
}