vle_total_clicks,vle_mean_clicks,vle_max_clicks,vle_first4_clicks,vle_last4_clicks,vle_cumulative_clicks,vle_days_active
4867.0,4867.0,4867.0,4867.0,4867.0,4867.0,4867.0
425.5278405588658,49.80292711374265,85.06246147524142,47.37230326689953,425.5278405588658,425.5278405588658,8.368399424696939
257.7298777488233,12.678024623704667,16.380061484745585,60.906799132234795,257.7298777488233,257.7298777488233,4.735599883215264
1.0,1.0,1.0,0.0,1.0,1.0,1.0
231.0,42.41428571428571,80.0,0.0,231.0,231.0,5.0
390.0,49.81818181818182,91.0,22.0,390.0,390.0,8.0
575.0,57.16666666666666,96.0,80.5,575.0,575.0,11.0
1779.0,99.0,99.0,536.0,1779.0,1779.0,34.0
