assessment_count,assessment_mean_score,assessment_last_score,assessment_ontime_rate
1761.0,1761.0,1761.0,1761.0
1.400908574673481,49.40436440334225,49.8603066439523,0.4969457288878072
0.7319644125883111,26.470640693406985,28.833472060129694,0.46148472852407624
1.0,0.0,0.0,0.0
1.0,29.0,25.0,0.0
1.0,49.0,50.0,0.5
2.0,71.0,75.0,1.0
7.0,99.0,99.0,1.0
