{
  "accuracy": 0.864424013899938,
  "f1": 0.8180182746568393,
  "precision": 0.8548270382599259,
  "recall": 0.8389651538716909,
  "rmse": 0.05202909218678692
}