{
  "accuracy": 0.7763137114281949,
  "f1": 0.7285768883860093,
  "precision": 0.786165043712788,
  "recall": 0.7535559878021869,
  "rmse": 0.27410570913542476
}