sex,count,mean
F,208,9.966346153846153
M,187,10.914438502673796
