studytime,count,mean
1,105,10.047619047619047
2,198,10.171717171717171
3,65,11.4
4,27,11.25925925925926
