{
  "accuracy": 0.7921195861774305,
  "f1": 0.7725525675417219,
  "precision": 0.8137508757465367,
  "recall": 0.7898994379478541,
  "rmse": 0.139808728827451
}