{
  "accuracy": 0.7169019464478171,
  "f1": 0.7025403150566119,
  "precision": 0.7234877404491777,
  "recall": 0.6957945007450197,
  "rmse": 0.28920781331174494
}