{
  "accuracy": 0.8221195861774305,
  "f1": 0.8025525675417219,
  "precision": 0.8437508757465367,
  "recall": 0.8198994379478541,
  "rmse": 0.10980872882745096
}