{
  "accuracy": 0.7028731500953946,
  "f1": 0.6619017162317118,
  "precision": 0.7031179752996776,
  "recall": 0.6857991324942538,
  "rmse": 0.34398348530716727
}