{
  "accuracy": 0.706313711428195,
  "f1": 0.6585768883860094,
  "precision": 0.716165043712788,
  "recall": 0.683555987802187,
  "rmse": 0.3441057091354247
}