,precision,recall,f1-score,support
0,0.7894736842105263,0.8823529411764706,0.8333333333333334,17.0
1,0.9285714285714286,0.8666666666666667,0.896551724137931,30.0
accuracy,0.8723404255319149,0.8723404255319149,0.8723404255319149,0.8723404255319149
macro avg,0.8590225563909775,0.8745098039215686,0.8649425287356323,47.0
weighted avg,0.8782594784834427,0.8723404255319149,0.8736854976766936,47.0
