,precision,recall,f1-score,support
0,0.75,0.7384615384615385,0.7441860465116279,130.0
1,0.8726591760299626,0.879245283018868,0.8759398496240601,265.0
accuracy,0.8329113924050633,0.8329113924050633,0.8329113924050633,0.8329113924050633
macro avg,0.8113295880149813,0.8088534107402032,0.8100629480678441,395.0
weighted avg,0.8322903332859242,0.8329113924050633,0.8325778384731329,395.0
