accuracy,precision,recall,f1
0.8329113924050633,0.8732405330518537,0.879245283018868,0.8760906459019667
