concept,effect
socio_economic_status,1.1722543260787273
engagement,-0.5079406333351617
attendance,-0.0009650743746547619
