concept,effect
socio_economic_status,1.1722543260787273
engagement,-0.507940633335167
attendance,-0.0009650743746547619
