coverage,target_coverage,coverage_gap,average_set_size,singleton_rate,empty_set_rate,full_set_rate
0.8354430379746836,0.9,-0.06455696202531647,1.0126582278481013,0.9873417721518988,0.0,0.012658227848101266
