school,count,mean,std
GP,349,10.489971346704872,4.625396814202193
MS,46,9.847826086956522,4.2372286084412805
