studytime,count,mean,std
1,105,10.047619047619047,4.9563109582650595
2,198,10.171717171717171,4.217537482591475
3,65,11.4,4.63950428386482
4,27,11.25925925925926,5.281262906894325
