algorithm,cluster,count,avg_G3
kmeans,0,77,7.194805194805195
kmeans,1,159,9.50943396226415
kmeans,2,159,12.880503144654089
agglomerative,0,66,7.742424242424242
agglomerative,1,191,10.083769633507853
agglomerative,2,138,12.152173913043478
