model,test,p_value,effect_size
linear_regression,paired_t,0.0016984223781925985,-1.3942008297384585
svr,paired_t,0.014151094506278859,-0.9594850410037069
knn,paired_t,1.1982620135447337e-05,-2.7301102554255
bagging,paired_t,0.32808299872107005,-0.32700574851878317
stacking,paired_t,0.5550529503310032,0.19384535042301962
