model,test,p_value,effect_size
mean,paired_t,2.1772657133799692e-08,-5.726265006838581
ols_g1_g2,paired_t,0.005344719894030739,-1.1531940983737576
last_grade,paired_t,0.016220845491574324,-0.9328729275599433
no_g1_g2,paired_t,3.540067666836518e-08,-5.417492574148331
no_behavior,paired_t,0.000544929588684252,-1.652560012591248
demographic_only,paired_t,3.553686885211942e-08,-5.41511745161214
