threshold,precision_mean,precision_ci_lower,precision_ci_upper,recall_mean,recall_ci_lower,recall_ci_upper,f1_mean,f1_ci_lower,f1_ci_upper
0.3161112370804861,0.9202533048122793,0.8609383684014018,0.9804004620716211,0.9222871381603024,0.8349489795918368,1.0,0.9207078846701837,0.8598266448804992,0.966772676548094
