threshold,precision_mean,precision_ci_lower,precision_ci_upper,recall_mean,recall_ci_lower,recall_ci_upper,f1_mean,f1_ci_lower,f1_ci_upper
0.30756918281755924,0.9023814671507536,0.8271644489527566,0.9666666666666667,0.9244963296091043,0.8493640148011101,1.0,0.9125454976173838,0.8371283020395334,0.9633164933181806
