threshold,precision_mean,precision_ci_lower,precision_ci_upper,recall_mean,recall_ci_lower,recall_ci_upper,f1_mean,f1_ci_lower,f1_ci_upper
0.5,0.9350231613407429,0.8633972735250708,0.9823073308270677,0.8936346264654932,0.7913590968302214,0.9636544190665343,0.9130307740515978,0.8306666616718519,0.9634030630502171
