accuracy,balanced_accuracy,f1,source_size,target_size,n_features,auc,accuracy_0,accuracy_2,worst_group_accuracy,direction,model,accuracy_1,accuracy_3
0.3291139240506329,0.5,0.0,4867,395,5,0.4190856313497823,0.3605769230769231,0.29411764705882354,0.29411764705882354,OULAD_to_UCI,logistic,,
0.587014588041915,0.4988107300063966,0.08302919708029197,395,4867,5,0.48112545139598356,,,0.582258064516129,UCI_to_OULAD,logistic,0.591956430666108,0.582258064516129
0.4278481012658228,0.5422351233671988,0.3273809523809524,4867,395,5,0.5542525399129173,0.3605769230769231,0.5026737967914439,0.3605769230769231,OULAD_to_UCI,random_forest,,
0.5023628518594617,0.4939395503277997,0.42168099331423115,395,4867,5,0.48461426927389745,,,0.4067867616254713,UCI_to_OULAD,random_forest,0.4067867616254713,0.5943548387096774
