accuracy,balanced_accuracy,f1,source_size,target_size,n_features,auc,accuracy_0,accuracy_2,worst_group_accuracy,direction,model,accuracy_1,accuracy_3
0.6708860759493671,0.5,0.803030303030303,4867,395,5,0.4251523947750363,0.6394230769230769,0.7058823529411765,0.6394230769230769,OULAD_to_UCI,logistic,,
0.596260530100678,0.5011339755215761,0.025780862667327716,395,4867,5,0.4903253105442872,,,0.5955645161290323,UCI_to_OULAD,logistic,0.5969836614997905,0.5955645161290323
0.6759493670886076,0.5076923076923077,0.8054711246200608,4867,395,5,0.5010740203193034,0.6490384615384616,0.7058823529411765,0.6490384615384616,OULAD_to_UCI,random_forest,,
0.5611259502773782,0.49247222813200175,0.20476545048399106,395,4867,5,0.4937436499126172,,,0.5491935483870968,UCI_to_OULAD,random_forest,0.5735232509426058,0.5491935483870968
0.4962025316455696,0.5324383164005806,0.5317647058823529,4867,395,5,0.5679825834542815,0.49038461538461536,0.5026737967914439,0.49038461538461536,OULAD_to_UCI,mlp,,
0.5913293610026711,0.4989231620995188,0.04695735505510302,395,4867,5,0.49326996060224987,,,0.5881860075408463,UCI_to_OULAD,mlp,0.5881860075408463,0.5943548387096774
