Model_Type,Model_Name,Baseline_Accuracy,Enhanced_Accuracy,Accuracy_Improvement,Baseline_AUC,Enhanced_AUC,AUC_Improvement,Baseline_F1,Enhanced_F1,F1_Improvement,Feature_Ratio
OULAD_Deep_Learning,Deep_Neural_Network,0.5822784810126582,0.6582278481012658,0.07594936708860756,0.6737451737451737,0.7271557271557271,0.05341055341055334,0.56,0.7096774193548387,0.1496774193548387,1.5333333333333334
UCI_ML,Random Forest,0.6386554621848739,0.5966386554621849,-0.04201680672268904,0.7317176870748299,0.6404478458049887,-0.09126984126984117,0.6861313868613139,0.4666666666666667,-0.21946472019464724,N/A
UCI_ML,Logistic Regression,0.6554621848739496,0.5630252100840336,-0.09243697478991597,0.7264739229024942,0.6479591836734694,-0.07851473922902485,0.7050359712230215,0.16129032258064516,-0.5437456486423764,N/A
