{
  "accuracy": 0.8169019464478171,
  "f1": 0.8025403150566118,
  "precision": 0.8234877404491777,
  "recall": 0.7957945007450197,
  "rmse": 0.18920781331174494
}