{
  "timestamp": "2025-08-26 11:35:44",
  "uci_baseline_accuracy": 0.6709,
  "best_method": "label_shift_corrected",
  "best_accuracy": 0.6708860759493671,
  "improvement": -1.3924050632940776e-05,
  "transfer_success": true,
  "methods_used": [
    "importance_weighting",
    "label_shift_correction",
    "coral",
    "dann",
    "self_training",
    "fairness_grid"
  ],
  "performance_comparison": {
    "baseline": {
      "accuracy": 0.5063291139240507,
      "balanced_accuracy": 0.5007982583454281,
      "roc_auc": 0.4815820029027576
    },
    "adapted_model": {
      "accuracy": 0.369620253164557,
      "balanced_accuracy": 0.49687953555878084,
      "roc_auc": 0.43532656023222066
    },
    "label_shift_corrected": {
      "accuracy": 0.6708860759493671,
      "balanced_accuracy": 0.5,
      "roc_auc": 0.43532656023222066
    },
    "dann": {
      "accuracy": 0.3291139240506329,
      "balanced_accuracy": 0.5,
      "roc_auc": 0.5698984034833091
    }
  }
}