{
  "accuracy": 0.7221195861774306,
  "f1": 0.7025525675417219,
  "precision": 0.7437508757465368,
  "recall": 0.7198994379478542,
  "rmse": 0.20980872882745094
}