{
  "accuracy": 0.8028731500953946,
  "f1": 0.7619017162317118,
  "precision": 0.8031179752996775,
  "recall": 0.7857991324942538,
  "rmse": 0.24398348530716726
}