{
  "timestamp": "2025-08-25T15:28:06.271448",
  "summary": {
    "enhanced_feature_engineering_applied": true,
    "oulad_deep_learning_tested": true,
    "uci_ml_models_tested": true,
    "total_models_compared": 3,
    "overall_improvement_positive": "False"
  },
  "oulad_deep_learning": {
    "baseline_accuracy": 0.5822784810126582,
    "baseline_auc": 0.6737451737451737,
    "baseline_f1": 0.56,
    "enhanced_accuracy": 0.6582278481012658,
    "enhanced_auc": 0.7271557271557271,
    "enhanced_f1": 0.7096774193548387,
    "accuracy_improvement": 0.07594936708860756,
    "auc_improvement": 0.05341055341055334,
    "f1_improvement": 0.1496774193548387,
    "feature_ratio": 1.5333333333333334,
    "baseline_features": 30,
    "enhanced_features": 46
  },
  "uci_ml_models": {
    "Random Forest": {
      "baseline_accuracy": 0.6386554621848739,
      "baseline_auc": 0.7317176870748299,
      "baseline_f1": 0.6861313868613139,
      "enhanced_accuracy": 0.5966386554621849,
      "enhanced_auc": 0.6404478458049887,
      "enhanced_f1": 0.4666666666666667,
      "accuracy_improvement": -0.04201680672268904,
      "auc_improvement": -0.09126984126984117,
      "f1_improvement": -0.21946472019464724
    },
    "Logistic Regression": {
      "baseline_accuracy": 0.6554621848739496,
      "baseline_auc": 0.7264739229024942,
      "baseline_f1": 0.7050359712230215,
      "enhanced_accuracy": 0.5630252100840336,
      "enhanced_auc": 0.6479591836734694,
      "enhanced_f1": 0.16129032258064516,
      "accuracy_improvement": -0.09243697478991597,
      "auc_improvement": -0.07851473922902485,
      "f1_improvement": -0.5437456486423764
    }
  },
  "overall_improvements": {
    "mean_accuracy_improvement": -0.019501471474665816,
    "mean_auc_improvement": -0.038791342362770896,
    "mean_f1_improvement": -0.20451098316072833,
    "median_accuracy_improvement": -0.04201680672268904,
    "median_auc_improvement": -0.07851473922902485,
    "median_f1_improvement": -0.21946472019464724,
    "models_with_accuracy_improvement": 1,
    "models_with_auc_improvement": 1,
    "models_with_f1_improvement": 1,
    "total_models_tested": 3
  }
}