Model_Type,Model_Name,Baseline_Accuracy,Enhanced_Accuracy,Accuracy_Improvement,Baseline_AUC,Enhanced_AUC,AUC_Improvement,Baseline_F1,Enhanced_F1,F1_Improvement,Feature_Ratio
OULAD_Deep_Learning,Deep_Neural_Network,0.620253164556962,0.4936708860759494,-0.1265822784810126,0.6537966537966537,0.6698841698841699,0.01608751608751613,0.6808510638297872,0.23076923076923078,-0.45008183306055644,1.5333333333333334
UCI_ML,Random Forest,0.6386554621848739,0.5882352941176471,-0.05042016806722682,0.7317176870748299,0.558531746031746,-0.17318594104308382,0.6861313868613139,0.608,-0.07813138686131393,N/A
UCI_ML,Logistic Regression,0.6554621848739496,0.5378151260504201,-0.11764705882352944,0.7264739229024942,0.6184807256235828,-0.10799319727891143,0.7050359712230215,0.1791044776119403,-0.5259314936110813,N/A
