Model_Type,Model_Name,Baseline_Accuracy,Enhanced_Accuracy,Accuracy_Improvement,Baseline_AUC,Enhanced_AUC,AUC_Improvement,Baseline_F1,Enhanced_F1,F1_Improvement,Feature_Ratio
OULAD_Deep_Learning,Deep_Neural_Network,0.5822784810126582,0.5949367088607594,0.012658227848101222,0.6332046332046333,0.62998712998713,-0.003217503217503248,0.6292134831460674,0.673469387755102,0.04425590460903461,1.5333333333333334
UCI_ML,Random Forest,0.6386554621848739,0.5126050420168067,-0.12605042016806722,0.7317176870748299,0.5916950113378685,-0.14002267573696137,0.6861313868613139,0.09375,-0.5923813868613139,N/A
UCI_ML,Logistic Regression,0.6554621848739496,0.5378151260504201,-0.11764705882352944,0.7264739229024942,0.5739795918367347,-0.1524943310657595,0.7050359712230215,0.2465753424657534,-0.4584606287572681,N/A
