{
  "accuracy": 0.8344240138999379,
  "f1": 0.7880182746568393,
  "precision": 0.8248270382599259,
  "recall": 0.8089651538716909,
  "rmse": 0.08202909218678694
}